year,cpi_index,inflation_yoy,funds_rate,unemployment
2001,177.65,2.054,2.368,5.375
2002,179.867,1.595,1.667,5.783
2003,184.0,2.3,1.128,5.992
2004,188.908,2.666,1.349,5.542
2005,195.267,3.363,3.213,5.083
2006,201.558,3.233,4.964,4.608
2007,207.344,2.869,5.019,4.617
2008,215.254,3.826,1.928,5.8
2009,214.565,-0.307,0.16,9.283
2010,218.076,1.641,0.175,9.608
2011,224.923,3.139,0.102,8.933
2012,229.586,2.077,0.14,8.075
2013,232.952,1.467,0.108,7.358
2014,236.715,1.617,0.089,6.158
2015,237.002,0.121,0.132,5.275
2016,240.005,1.267,0.395,4.875
2017,245.121,2.133,1.002,4.358
2018,251.1,2.44,1.832,3.892
2019,255.653,1.813,2.158,3.675
2020,258.856,1.255,0.376,8.1
2021,270.973,4.677,0.08,5.35
2022,292.626,7.998,1.683,3.65
2023,304.703,4.146,5.024,3.625
2024,313.698,2.954,5.143,4.025
2025,321.962,2.692,4.212,4.264
2026,331.28,3.272,3.635,4.25
