month,cpi_index,inflation_yoy,funds_rate,unemployment
2001-09-01,178.1000,2.5922,3.0700,5.0000
2001-10-01,177.6000,2.1277,2.4900,5.3000
2001-11-01,177.5000,1.8944,2.0900,5.5000
2001-12-01,177.4000,1.6037,1.8200,5.7000
2002-01-01,177.7000,1.1959,1.7300,5.7000
2002-02-01,178.0000,1.1364,1.7400,5.7000
2002-03-01,178.5000,1.3629,1.7300,5.7000
2002-04-01,179.3000,1.6440,1.7500,5.9000
2002-05-01,179.5000,1.2408,1.7500,5.8000
2002-06-01,179.6000,1.0692,1.7500,5.8000
2002-07-01,180.0000,1.4656,1.7300,5.8000
2002-08-01,180.5000,1.7475,1.7400,5.7000
2002-09-01,180.8000,1.5160,1.7500,5.7000
2002-10-01,181.2000,2.0270,1.7500,5.7000
2002-11-01,181.5000,2.2535,1.3400,5.9000
2002-12-01,181.8000,2.4803,1.2400,6.0000
2003-01-01,182.6000,2.7575,1.2400,5.8000
2003-02-01,183.6000,3.1461,1.2600,5.9000
2003-03-01,183.9000,3.0252,1.2500,5.9000
2003-04-01,183.2000,2.1751,1.2600,6.0000
2003-05-01,182.9000,1.8942,1.2600,6.1000
2003-06-01,183.1000,1.9488,1.2200,6.3000
2003-07-01,183.7000,2.0556,1.0100,6.2000
2003-08-01,184.5000,2.2161,1.0300,6.1000
2003-09-01,185.1000,2.3783,1.0100,6.1000
2003-10-01,184.9000,2.0419,1.0100,6.0000
2003-11-01,185.0000,1.9284,1.0000,5.8000
2003-12-01,185.5000,2.0352,0.9800,5.7000
2004-01-01,186.3000,2.0263,1.0000,5.7000
2004-02-01,186.7000,1.6885,1.0100,5.6000
2004-03-01,187.1000,1.7401,1.0000,5.8000
2004-04-01,187.4000,2.2926,1.0000,5.6000
2004-05-01,188.2000,2.8978,1.0000,5.6000
2004-06-01,188.9000,3.1677,1.0300,5.6000
2004-07-01,189.1000,2.9396,1.2600,5.5000
2004-08-01,189.2000,2.5474,1.4300,5.4000
2004-09-01,189.8000,2.5392,1.6100,5.4000
2004-10-01,190.8000,3.1909,1.7600,5.5000
2004-11-01,191.7000,3.6216,1.9300,5.4000
2004-12-01,191.7000,3.3423,2.1600,5.4000
2005-01-01,191.6000,2.8449,2.2800,5.3000
2005-02-01,192.4000,3.0530,2.5000,5.4000
2005-03-01,193.1000,3.2068,2.6300,5.2000
2005-04-01,193.7000,3.3618,2.7900,5.2000
2005-05-01,193.6000,2.8693,3.0000,5.1000
2005-06-01,193.7000,2.5410,3.0400,5.0000
2005-07-01,194.9000,3.0672,3.2600,5.0000
2005-08-01,196.1000,3.6469,3.5000,4.9000
2005-09-01,198.8000,4.7418,3.6200,5.0000
2005-10-01,199.1000,4.3501,3.7800,5.0000
2005-11-01,198.1000,3.3385,4.0000,5.0000
2005-12-01,198.1000,3.3385,4.1600,4.9000
2006-01-01,199.3000,4.0188,4.2900,4.7000
2006-02-01,199.4000,3.6383,4.4900,4.8000
2006-03-01,199.7000,3.4179,4.5900,4.7000
2006-04-01,200.7000,3.6138,4.7900,4.7000
2006-05-01,201.3000,3.9773,4.9400,4.6000
2006-06-01,201.8000,4.1817,4.9900,4.6000
2006-07-01,202.9000,4.1047,5.2400,4.7000
2006-08-01,203.8000,3.9266,5.2500,4.7000
2006-09-01,202.8000,2.0121,5.2500,4.5000
2006-10-01,201.9000,1.4063,5.2500,4.4000
2006-11-01,202.0000,1.9687,5.2500,4.5000
2006-12-01,203.1000,2.5240,5.2400,4.4000
2007-01-01,203.4370,2.0758,5.2500,4.6000
2007-02-01,204.2260,2.4203,5.2600,4.5000
2007-03-01,205.2880,2.7982,5.2600,4.4000
2007-04-01,205.9040,2.5929,5.2500,4.5000
2007-05-01,206.7550,2.7099,5.2500,4.4000
2007-06-01,207.2340,2.6928,5.2500,4.6000
2007-07-01,207.6030,2.3179,5.2600,4.7000
2007-08-01,207.6670,1.8974,5.0200,4.6000
2007-09-01,208.5470,2.8338,4.9400,4.7000
2007-10-01,209.1900,3.6107,4.7600,4.7000
2007-11-01,210.8340,4.3733,4.4900,4.7000
2007-12-01,211.4450,4.1088,4.2400,5.0000
2008-01-01,212.1740,4.2947,3.9400,5.0000
2008-02-01,212.6870,4.1430,2.9800,4.9000
2008-03-01,213.4480,3.9749,2.6100,5.1000
2008-04-01,213.9420,3.9038,2.2800,5.0000
2008-05-01,215.2080,4.0884,1.9800,5.4000
2008-06-01,217.4630,4.9360,2.0000,5.6000
2008-07-01,219.0160,5.4975,2.0100,5.8000
2008-08-01,218.6900,5.3080,2.0000,6.1000
2008-09-01,218.8770,4.9533,1.8100,6.1000
2008-10-01,216.9950,3.7311,0.9700,6.5000
2008-11-01,213.1530,1.0999,0.3900,6.8000
2008-12-01,211.3980,-0.0222,0.1600,7.3000
2009-01-01,211.9330,-0.1136,0.1500,7.8000
2009-02-01,212.7050,0.0085,0.2200,8.3000
2009-03-01,212.4950,-0.4465,0.1800,8.7000
2009-04-01,212.7090,-0.5763,0.1500,9.0000
2009-05-01,213.0220,-1.0158,0.1800,9.4000
2009-06-01,214.7900,-1.2292,0.2100,9.5000
2009-07-01,214.7260,-1.9588,0.1600,9.5000
2009-08-01,215.4450,-1.4838,0.1600,9.6000
2009-09-01,215.8610,-1.3779,0.1500,9.8000
2009-10-01,216.5090,-0.2240,0.1200,10.0000
2009-11-01,217.2340,1.9146,0.1200,9.9000
2009-12-01,217.3470,2.8141,0.1200,9.9000
2010-01-01,217.4880,2.6211,0.1100,9.8000
2010-02-01,217.2810,2.1513,0.1300,9.8000
2010-03-01,217.3530,2.2862,0.1600,9.9000
2010-04-01,217.4030,2.2068,0.2000,9.9000
2010-05-01,217.2900,2.0035,0.2000,9.6000
2010-06-01,217.1990,1.1216,0.1800,9.4000
2010-07-01,217.6050,1.3408,0.1800,9.4000
2010-08-01,217.9230,1.1502,0.1900,9.5000
2010-09-01,218.2750,1.1183,0.1900,9.5000
2010-10-01,219.0350,1.1667,0.1900,9.4000
2010-11-01,219.5900,1.0845,0.1900,9.8000
2010-12-01,220.4720,1.4378,0.1800,9.3000
2011-01-01,221.1870,1.7008,0.1700,9.1000
2011-02-01,221.8980,2.1249,0.1600,9.0000
2011-03-01,223.0460,2.6192,0.1400,9.0000
2011-04-01,224.0930,3.0772,0.1000,9.1000
2011-05-01,224.8060,3.4590,0.0900,9.0000
2011-06-01,224.8060,3.5023,0.0900,9.1000
2011-07-01,225.3950,3.5799,0.0700,9.0000
2011-08-01,226.1060,3.7550,0.1000,9.0000
2011-09-01,226.5970,3.8126,0.0800,9.0000
2011-10-01,226.7500,3.5223,0.0700,8.8000
2011-11-01,227.1690,3.4514,0.0800,8.6000
2011-12-01,227.2230,3.0621,0.0700,8.5000
2012-01-01,227.8420,3.0088,0.0800,8.3000
2012-02-01,228.3290,2.8982,0.1000,8.3000
2012-03-01,228.8070,2.5829,0.1300,8.2000
2012-04-01,229.1870,2.2732,0.1400,8.2000
2012-05-01,228.7130,1.7379,0.1600,8.2000
2012-06-01,228.5240,1.6539,0.1600,8.2000
2012-07-01,228.5900,1.4175,0.1600,8.2000
2012-08-01,229.9180,1.6859,0.1300,8.1000
2012-09-01,231.0150,1.9497,0.1400,7.8000
2012-10-01,231.6380,2.1557,0.1600,7.8000
2012-11-01,231.2490,1.7960,0.1600,7.7000
2012-12-01,231.2210,1.7595,0.1600,7.9000
2013-01-01,231.6790,1.6841,0.1400,8.0000
2013-02-01,232.9370,2.0181,0.1500,7.7000
2013-03-01,232.2820,1.5187,0.1400,7.5000
2013-04-01,231.7970,1.1388,0.1500,7.6000
2013-05-01,231.8930,1.3904,0.1100,7.5000
2013-06-01,232.4450,1.7158,0.0900,7.5000
2013-07-01,232.9000,1.8855,0.0900,7.3000
2013-08-01,233.4560,1.5388,0.0800,7.2000
2013-09-01,233.5440,1.0947,0.0800,7.2000
2013-10-01,233.6690,0.8768,0.0900,7.2000
2013-11-01,234.1000,1.2329,0.0800,6.9000
2013-12-01,234.7190,1.5128,0.0900,6.7000
2014-01-01,235.2880,1.5578,0.0700,6.6000
2014-02-01,235.5470,1.1205,0.0700,6.7000
2014-03-01,236.0280,1.6127,0.0800,6.7000
2014-04-01,236.4680,2.0151,0.0900,6.2000
2014-05-01,236.9180,2.1669,0.0900,6.3000
2014-06-01,237.2310,2.0590,0.1000,6.1000
2014-07-01,237.4980,1.9742,0.0900,6.2000
2014-08-01,237.4600,1.7151,0.0900,6.1000
2014-09-01,237.4770,1.6841,0.0900,5.9000
2014-10-01,237.4300,1.6095,0.0900,5.7000
2014-11-01,236.9830,1.2315,0.0900,5.8000
2014-12-01,236.2520,0.6531,0.1200,5.6000
2015-01-01,234.7470,-0.2299,0.1100,5.7000
2015-02-01,235.3420,-0.0870,0.1100,5.5000
2015-03-01,235.9760,-0.0220,0.1100,5.4000
2015-04-01,236.2220,-0.1040,0.1200,5.4000
2015-05-01,237.0010,0.0350,0.1200,5.6000
2015-06-01,237.6570,0.1796,0.1300,5.3000
2015-07-01,238.0340,0.2257,0.1300,5.2000
2015-08-01,238.0330,0.2413,0.1400,5.1000
2015-09-01,237.4980,0.0088,0.1400,5.0000
2015-10-01,237.7330,0.1276,0.1200,5.0000
2015-11-01,238.0170,0.4363,0.1200,5.1000
2015-12-01,237.7610,0.6387,0.2400,5.0000
2016-01-01,237.6520,1.2375,0.3400,4.8000
2016-02-01,237.3360,0.8473,0.3800,4.9000
2016-03-01,238.0800,0.8916,0.3600,5.0000
2016-04-01,238.9920,1.1726,0.3700,5.1000
2016-05-01,239.5570,1.0785,0.3700,4.8000
2016-06-01,240.2220,1.0793,0.3800,4.9000
2016-07-01,240.1010,0.8684,0.3900,4.8000
2016-08-01,240.5450,1.0553,0.4000,4.9000
2016-09-01,241.1760,1.5486,0.4000,5.0000
2016-10-01,241.7410,1.6859,0.4000,4.9000
2016-11-01,242.0260,1.6843,0.4100,4.7000
2016-12-01,242.6370,2.0508,0.5400,4.7000
2017-01-01,243.6180,2.5104,0.6500,4.7000
2017-02-01,244.0060,2.8104,0.6600,4.6000
2017-03-01,243.8920,2.4412,0.7900,4.4000
2017-04-01,244.1930,2.1762,0.9000,4.4000
2017-05-01,244.0040,1.8563,0.9100,4.4000
2017-06-01,244.1630,1.6406,1.0400,4.3000
2017-07-01,244.2430,1.7251,1.1500,4.3000
2017-08-01,245.1830,1.9281,1.1600,4.4000
2017-09-01,246.4350,2.1806,1.1500,4.3000
2017-10-01,246.6260,2.0208,1.1500,4.2000
2017-11-01,247.2840,2.1725,1.1600,4.2000
2017-12-01,247.8050,2.1299,1.3000,4.1000
2018-01-01,248.8590,2.1513,1.4100,4.0000
2018-02-01,249.5290,2.2635,1.4200,4.1000
2018-03-01,249.5770,2.3309,1.5100,4.0000
2018-04-01,250.2270,2.4710,1.6900,4.0000
2018-05-01,250.7920,2.7819,1.7000,3.8000
2018-06-01,251.0180,2.8076,1.8200,4.0000
2018-07-01,251.2140,2.8541,1.9100,3.8000
2018-08-01,251.6630,2.6429,1.9100,3.8000
2018-09-01,252.1820,2.3321,1.9500,3.7000
2018-10-01,252.7720,2.4920,2.1900,3.8000
2018-11-01,252.5940,2.1473,2.2000,3.8000
2018-12-01,252.7670,2.0024,2.2700,3.9000
2019-01-01,252.5610,1.4876,2.4000,4.0000
2019-02-01,253.3190,1.5189,2.4000,3.8000
2019-03-01,254.2770,1.8832,2.4100,3.8000
2019-04-01,255.2330,2.0006,2.4200,3.7000
2019-05-01,255.2960,1.7959,2.3900,3.6000
2019-06-01,255.2130,1.6712,2.3800,3.6000
2019-07-01,255.8020,1.8263,2.4000,3.7000
2019-08-01,256.0360,1.7376,2.1300,3.6000
2019-09-01,256.4300,1.6845,2.0400,3.5000
2019-10-01,257.1550,1.7340,1.8300,3.6000
2019-11-01,257.8790,2.0923,1.5500,3.6000
2019-12-01,258.6300,2.3195,1.5500,3.6000
2020-01-01,259.1270,2.5998,1.5500,3.6000
2020-02-01,259.2500,2.3413,1.5800,3.5000
2020-03-01,258.0760,1.4940,0.6500,4.4000
2020-04-01,256.0320,0.3130,0.0500,14.8000
2020-05-01,255.8020,0.1982,0.0500,13.2000
2020-06-01,257.0420,0.7167,0.0800,11.0000
2020-07-01,258.3520,0.9969,0.0900,10.2000
2020-08-01,259.3160,1.2811,0.1000,8.4000
2020-09-01,259.9970,1.3910,0.0900,7.8000
2020-10-01,260.3190,1.2304,0.0900,6.9000
2020-11-01,260.9110,1.1757,0.0900,6.7000
2020-12-01,262.0450,1.3204,0.0900,6.7000
2021-01-01,262.6870,1.3738,0.0900,6.4000
2021-02-01,263.5790,1.6698,0.0800,6.2000
2021-03-01,264.9610,2.6678,0.0700,6.1000
2021-04-01,266.6140,4.1331,0.0700,6.1000
2021-05-01,268.3830,4.9183,0.0600,5.8000
2021-06-01,270.6540,5.2956,0.0800,5.9000
2021-07-01,271.9030,5.2452,0.1000,5.4000
2021-08-01,272.6760,5.1520,0.0900,5.1000
2021-09-01,273.9100,5.3512,0.0800,4.7000
2021-10-01,276.5500,6.2350,0.0800,4.5000
2021-11-01,278.9190,6.9020,0.0800,4.1000
2021-12-01,280.8450,7.1743,0.0800,3.9000
2022-01-01,282.5430,7.5588,0.0800,4.0000
2022-02-01,284.5000,7.9373,0.0800,3.9000
2022-03-01,287.6740,8.5722,0.2000,3.7000
2022-04-01,288.5610,8.2318,0.3300,3.7000
2022-05-01,291.2980,8.5382,0.7700,3.6000
2022-06-01,294.9570,8.9794,1.2100,3.6000
2022-07-01,294.9130,8.4626,1.6800,3.5000
2022-08-01,295.0970,8.2226,2.3300,3.6000
2022-09-01,296.3490,8.1921,2.5600,3.5000
2022-10-01,298.0070,7.7588,3.0800,3.6000
2022-11-01,298.7860,7.1229,3.7800,3.6000
2022-12-01,298.8320,6.4046,4.1000,3.5000
2023-01-01,300.4200,6.3272,4.3300,3.5000
2023-02-01,301.4500,5.9578,4.5700,3.6000
2023-03-01,301.8210,4.9177,4.6500,3.5000
2023-04-01,302.8450,4.9501,4.8300,3.4000
2023-05-01,303.3340,4.1319,5.0600,3.6000
2023-06-01,304.0140,3.0706,5.0800,3.6000
2023-07-01,304.6090,3.2877,5.1200,3.5000
2023-08-01,306.0820,3.7225,5.3300,3.7000
2023-09-01,307.2760,3.6872,5.3300,3.7000
2023-10-01,307.6960,3.2513,5.3300,3.9000
2023-11-01,308.1480,3.1333,5.3300,3.7000
2023-12-01,308.7410,3.3159,5.3300,3.8000
2024-01-01,309.6980,3.0883,5.3300,3.7000
2024-02-01,310.9670,3.1571,5.3300,3.9000
2024-03-01,312.3450,3.4868,5.3300,3.9000
2024-04-01,313.0230,3.3608,5.3300,3.9000
2024-05-01,313.1750,3.2443,5.3300,3.9000
2024-06-01,313.0440,2.9703,5.3300,4.1000
2024-07-01,313.5690,2.9415,5.3300,4.2000
2024-08-01,314.0620,2.6071,5.3300,4.2000
2024-09-01,314.7320,2.4265,5.1300,4.1000
2024-10-01,315.6310,2.5788,4.8300,4.1000
2024-11-01,316.5280,2.7195,4.6400,4.2000
2024-12-01,317.6040,2.8707,4.4800,4.1000
2025-01-01,318.9610,2.9910,4.3300,4.0000
2025-02-01,319.6790,2.8016,4.3300,4.2000
2025-03-01,319.7850,2.3820,4.3300,4.2000
2025-04-01,320.3020,2.3254,4.3300,4.2000
2025-05-01,320.6200,2.3773,4.3300,4.3000
2025-06-01,321.4350,2.6805,4.3300,4.1000
2025-07-01,322.1690,2.7426,4.3300,4.3000
2025-08-01,323.2910,2.9386,4.3300,4.3000
2025-09-01,324.2450,3.0226,4.2200,4.4000
2025-10-01,,,4.0900,
2025-11-01,325.0630,2.6964,3.8800,4.5000
2025-12-01,326.0310,2.6533,3.7200,4.4000
2026-01-01,326.5880,2.3912,3.6400,4.3000
2026-02-01,327.4600,2.4340,3.6400,4.4000
2026-03-01,330.2930,3.2860,3.6400,4.3000
2026-04-01,332.4070,3.7792,3.6400,4.3000
2026-05-01,333.9790,4.1666,3.6300,4.3000
2026-06-01,332.5680,3.4635,3.6300,4.2000
2026-07-01,332.8130,3.3039,3.6300,4.1000
2026-08-01,334.1310,3.3530,3.6300,4.1000
